{
  "multitask": {
    "augmented": {
      "morris_water_maze": {
        "success_rate": 0.19,
        "avg_episode_length": 245.17,
        "avg_reward": -2.259799999999983,
        "std_reward": 1.5288269882494798,
        "strategy_entropy": 0.6404400611370021,
        "strategy_distribution": {
          "EXPLORE": 0.7227230085246972,
          "APPROACH": 0.26544846433087244,
          "AVOID": 0.00024472814781580126,
          "EXPLOIT": 0.011583798996614594,
          "MEMORIZE": 0.0
        }
      },
      "visual_foraging": {
        "success_rate": 0.59,
        "avg_episode_length": 124.53,
        "avg_reward": -0.3412999999999951,
        "std_reward": 1.9478165493700828,
        "strategy_entropy": 0.7051397508523883,
        "strategy_distribution": {
          "EXPLORE": 0.7208704729783988,
          "APPROACH": 0.2532723038625231,
          "AVOID": 0.011001365132899702,
          "EXPLOIT": 0.0046575122460451295,
          "MEMORIZE": 0.010198345780133301
        }
      },
      "dynamic_obstacles": {
        "success_rate": 0.84,
        "avg_episode_length": 114.24,
        "avg_reward": -0.3429999999999987,
        "std_reward": 0.9651554278974926,
        "strategy_entropy": 0.8466026800469014,
        "strategy_distribution": {
          "EXPLORE": 0.5991771708683473,
          "APPROACH": 0.3592436974789916,
          "AVOID": 0.011467086834733893,
          "EXPLOIT": 0.023984593837535016,
          "MEMORIZE": 0.006127450980392157
        }
      },
      "visual_search": {
        "success_rate": 0.19,
        "avg_episode_length": 246.65,
        "avg_reward": -2.274599999999983,
        "std_reward": 1.4999636128919849,
        "strategy_entropy": 0.6917809894436693,
        "strategy_distribution": {
          "EXPLORE": 0.4738698560713562,
          "APPROACH": 0.5261301439286439,
          "AVOID": 0.0,
          "EXPLOIT": 0.0,
          "MEMORIZE": 0.0
        }
      }
    },
    "baseline": {
      "morris_water_maze": {
        "success_rate": 0.32,
        "avg_episode_length": 206.88,
        "avg_reward": -1.745599999999986,
        "std_reward": 1.8288298553993385
      },
      "visual_foraging": {
        "success_rate": 0.75,
        "avg_episode_length": 83.57,
        "avg_reward": 0.3853000000000031,
        "std_reward": 1.747917306396381
      },
      "dynamic_obstacles": {
        "success_rate": 0.64,
        "avg_episode_length": 111.5,
        "avg_reward": -0.5273999999999952,
        "std_reward": 1.5082165759598243
      },
      "visual_search": {
        "success_rate": 0.11,
        "avg_episode_length": 268.13,
        "avg_reward": -2.5701999999999816,
        "std_reward": 1.222671648481302
      }
    },
    "augmented_avg_success": 0.4525,
    "baseline_avg_success": 0.455,
    "generalizability_delta": -0.0025000000000000022
  },
  "zero_shot_transfer": {
    "augmented": {
      "morris_water_maze": {
        "mean_success": 0.22200000000000003,
        "std_success": 0.007483314773547889
      },
      "visual_foraging": {
        "mean_success": 0.628,
        "std_success": 0.054918120870983904
      },
      "dynamic_obstacles": {
        "mean_success": 0.852,
        "std_success": 0.029257477676655572
      },
      "visual_search": {
        "mean_success": 0.10200000000000001,
        "std_success": 0.021354156504062624
      }
    },
    "baseline": {
      "morris_water_maze": {
        "mean_success": 0.42800000000000005,
        "std_success": 0.03709447398198282
      },
      "visual_foraging": {
        "mean_success": 0.7380000000000001,
        "std_success": 0.03187475490101848
      },
      "dynamic_obstacles": {
        "mean_success": 0.5820000000000001,
        "std_success": 0.04915282290977803
      },
      "visual_search": {
        "mean_success": 0.1,
        "std_success": 0.017888543819998316
      }
    }
  },
  "few_shot_adaptation": {
    "augmented": {
      "episodes_to_threshold": 20,
      "final_success_rate": 0.9,
      "reached_threshold": true
    },
    "baseline": {
      "episodes_to_threshold": 20,
      "final_success_rate": 0.75,
      "reached_threshold": true
    }
  },
  "catastrophic_forgetting": {
    "morris_water_maze": {
      "before": 0.23,
      "after": 0.32,
      "forgetting": 0
    },
    "visual_foraging": {
      "before": 0.66,
      "after": 0.63,
      "forgetting": 0.030000000000000027
    },
    "dynamic_obstacles": {
      "before": 0.82,
      "after": 0.78,
      "forgetting": 0.039999999999999925
    },
    "visual_search": {
      "before": 0.09,
      "after": 0.14,
      "forgetting": 0
    },
    "avg_forgetting": 0.017499999999999988
  },
  "strategy_diversity": {
    "morris_water_maze": {
      "strategy_entropy": 0.6076420292824705,
      "strategy_distribution": {
        "EXPLORE": 0.7054041531527737,
        "APPROACH": 0.29442736194768543,
        "AVOID": 0.0,
        "EXPLOIT": 0.0,
        "MEMORIZE": 0.00016848489954087866
      },
      "success_rate": 0.22
    },
    "visual_foraging": {
      "strategy_entropy": 0.6214701651098734,
      "strategy_distribution": {
        "EXPLORE": 0.7392645709997498,
        "APPROACH": 0.2508963562077879,
        "AVOID": 0.0026682231301592596,
        "EXPLOIT": 0.00717084966230301,
        "MEMORIZE": 0.0
      },
      "success_rate": 0.65
    },
    "dynamic_obstacles": {
      "strategy_entropy": 0.7837806841207003,
      "strategy_distribution": {
        "EXPLORE": 0.6274714746102256,
        "APPROACH": 0.34517899137705776,
        "AVOID": 0.006445431582614755,
        "EXPLOIT": 0.01646198066370525,
        "MEMORIZE": 0.004442121766396656
      },
      "success_rate": 0.87
    },
    "visual_search": {
      "strategy_entropy": 0.6893886805619907,
      "strategy_distribution": {
        "EXPLORE": 0.5433231396534148,
        "APPROACH": 0.4566768603465851,
        "AVOID": 0.0,
        "EXPLOIT": 0.0,
        "MEMORIZE": 0.0
      },
      "success_rate": 0.16
    }
  }
}