{
  "multitask": {
    "augmented": {
      "morris_water_maze": {
        "success_rate": 0.38,
        "avg_episode_length": 201.35,
        "avg_reward": -1.6296999999999873,
        "std_reward": 1.7645868949983634,
        "strategy_entropy": 1.0955821108573427,
        "strategy_distribution": {
          "EXPLORE": 0.29828656568164885,
          "APPROACH": 0.35952321827663275,
          "EXPLOIT": 0.3421902160417184
        }
      },
      "visual_foraging": {
        "success_rate": 0.57,
        "avg_episode_length": 129.2,
        "avg_reward": -0.42299999999999477,
        "std_reward": 1.9945423033869132,
        "strategy_entropy": 1.081238859794491,
        "strategy_distribution": {
          "EXPLORE": 0.376702786377709,
          "APPROACH": 0.37561919504643965,
          "EXPLOIT": 0.2476780185758514
        }
      },
      "dynamic_obstacles": {
        "success_rate": 0.65,
        "avg_episode_length": 145.55,
        "avg_reward": -0.8430999999999947,
        "std_reward": 1.4466345046348013,
        "strategy_entropy": 0.980304117445786,
        "strategy_distribution": {
          "EXPLORE": 0.3408450704225352,
          "APPROACH": 0.5207832360013741,
          "EXPLOIT": 0.1383716935760907
        }
      },
      "visual_search": {
        "success_rate": 0.2,
        "avg_episode_length": 247.02,
        "avg_reward": -2.2681999999999833,
        "std_reward": 1.470460050460391,
        "strategy_entropy": 1.003464492114537,
        "strategy_distribution": {
          "EXPLORE": 0.28629260788600114,
          "APPROACH": 0.5322241114079832,
          "EXPLOIT": 0.18148328070601571
        }
      }
    },
    "baseline": {
      "morris_water_maze": {
        "success_rate": 0.26,
        "avg_episode_length": 224.39,
        "avg_reward": -1.9812999999999845,
        "std_reward": 1.718660324206028
      },
      "visual_foraging": {
        "success_rate": 0.56,
        "avg_episode_length": 131.92,
        "avg_reward": -0.421199999999994,
        "std_reward": 2.0151036102394264
      },
      "dynamic_obstacles": {
        "success_rate": 0.4,
        "avg_episode_length": 216.02,
        "avg_reward": -1.8100999999999892,
        "std_reward": 1.3044627208164963
      },
      "visual_search": {
        "success_rate": 0.11,
        "avg_episode_length": 268.03,
        "avg_reward": -2.5691999999999813,
        "std_reward": 1.2254221150281173
      }
    },
    "augmented_avg_success": 0.45,
    "baseline_avg_success": 0.3325000000000001,
    "generalizability_delta": 0.11749999999999994
  },
  "zero_shot_transfer": {
    "augmented": {
      "morris_water_maze": {
        "mean_success": 0.36000000000000004,
        "std_success": 0.032863353450309975
      },
      "visual_foraging": {
        "mean_success": 0.504,
        "std_success": 0.06681317235396027
      },
      "dynamic_obstacles": {
        "mean_success": 0.64,
        "std_success": 0.03741657386773941
      },
      "visual_search": {
        "mean_success": 0.186,
        "std_success": 0.03720215047547654
      }
    },
    "baseline": {
      "morris_water_maze": {
        "mean_success": 0.17600000000000002,
        "std_success": 0.02332380757938119
      },
      "visual_foraging": {
        "mean_success": 0.5319999999999999,
        "std_success": 0.05418486873657626
      },
      "dynamic_obstacles": {
        "mean_success": 0.44800000000000006,
        "std_success": 0.05418486873657626
      },
      "visual_search": {
        "mean_success": 0.12999999999999998,
        "std_success": 0.0340587727318528
      }
    }
  },
  "few_shot_adaptation": {
    "augmented": {
      "episodes_to_threshold": 20,
      "final_success_rate": 0.8,
      "reached_threshold": true
    },
    "baseline": {
      "episodes_to_threshold": 40,
      "final_success_rate": 0.7,
      "reached_threshold": true
    }
  },
  "catastrophic_forgetting": {
    "morris_water_maze": {
      "before": 0.33,
      "after": 0.4,
      "forgetting": 0
    },
    "visual_foraging": {
      "before": 0.51,
      "after": 0.47,
      "forgetting": 0.040000000000000036
    },
    "dynamic_obstacles": {
      "before": 0.6,
      "after": 0.65,
      "forgetting": 0
    },
    "visual_search": {
      "before": 0.15,
      "after": 0.14,
      "forgetting": 0.009999999999999981
    },
    "avg_forgetting": 0.012500000000000004
  },
  "strategy_diversity": {
    "morris_water_maze": {
      "strategy_entropy": 1.0587243643098994,
      "strategy_distribution": {
        "EXPLORE": 0.3022454424188528,
        "APPROACH": 0.4624833259226323,
        "EXPLOIT": 0.2352712316585149
      },
      "success_rate": 0.46
    },
    "visual_foraging": {
      "strategy_entropy": 1.0695731626180458,
      "strategy_distribution": {
        "EXPLORE": 0.4146252948648158,
        "APPROACH": 0.3579507651363939,
        "EXPLOIT": 0.2274239399987903
      },
      "success_rate": 0.46
    },
    "dynamic_obstacles": {
      "strategy_entropy": 0.925038175675555,
      "strategy_distribution": {
        "EXPLORE": 0.35695671058346606,
        "APPROACH": 0.5456782973794702,
        "EXPLOIT": 0.09736499203706385
      },
      "success_rate": 0.63
    },
    "visual_search": {
      "strategy_entropy": 1.0190654818869944,
      "strategy_distribution": {
        "EXPLORE": 0.3070513944921944,
        "APPROACH": 0.507674092264515,
        "EXPLOIT": 0.18527451324329064
      },
      "success_rate": 0.27
    }
  }
}